"","sample.size","estimate","estimator","subset","nuisance","term.A","term.B","term.C","term.D","term.E","term.F"
"1",100,0.624679324722905,"ipw","extended","forest",NA,NA,NA,NA,NA,NA
"2",100,0.800889950543046,"aipw","extended","forest",0.00840653975518779,-0.0226887447355567,0.16250582703426,-0.0149652909131766,0.00854162271873937,0.116584733640063
"3",100,0.834517489759972,"t-learner","extended","forest",NA,NA,NA,NA,NA,NA
"4",100,0.672933835084628,"ipw.cross.fit","extended","forest",NA,NA,NA,NA,NA,NA
"5",100,0.515240638710734,"semi.oracle.aipw","extended","forest",NA,NA,NA,NA,NA,NA
"6",100,0.802725563859716,"aipw.w","extended","forest",0.00763369897424253,-0.0227335135280757,0.160289174232956,-0.0169579140961138,0.00889118092314066,0.117566746382272
"7",100,0.78157200415363,"aipw","smart","forest",0.00828022637030124,-0.0187285256076344,0.12228613239627,-0.0145938641014706,0.0127785650972495,0.129534433809024
"8",100,0.836972843869711,"t-learner","smart","forest",NA,NA,NA,NA,NA,NA
"9",100,0.480711787556908,"ipw.cross.fit","smart","forest",NA,NA,NA,NA,NA,NA
"10",100,0.523437800217167,"semi.oracle.aipw","smart","forest",NA,NA,NA,NA,NA,NA
"11",100,0.781257399289886,"aipw.w","smart","forest",0.0110993408825587,-0.0192131334784242,0.123180637057593,-0.0147599366314495,0.0136290301915594,0.130612509042715
"12",100,0.434884715003829,"ipw","minimal","forest",NA,NA,NA,NA,NA,NA
"13",100,0.725777811196082,"aipw","minimal","forest",0.00881157225369833,-0.0189916540683185,0.0909457241347675,-0.0057136444850922,0.0120402273201807,0.115493680850507
"14",100,0.738645468458167,"t-learner","minimal","forest",NA,NA,NA,NA,NA,NA
"15",100,0.521698648312432,"ipw.cross.fit","minimal","forest",NA,NA,NA,NA,NA,NA
"16",100,0.522436333979414,"semi.oracle.aipw","minimal","forest",NA,NA,NA,NA,NA,NA
"17",100,0.728324532507703,"aipw.w","minimal","forest",0.00922949886896275,-0.0188042304695082,0.0929041181005557,-0.00439240133936083,0.0119044939849148,0.117769487693791
"18",100,0.674115316017018,"ipw","extended","forest",NA,NA,NA,NA,NA,NA
"19",100,0.794407456033527,"aipw","extended","forest",0.066301214688635,-0.00806258421911711,0.248221819981376,0.0878037114960997,-0.0192404796079013,0.191491568987092
"20",100,0.863339223758896,"t-learner","extended","forest",NA,NA,NA,NA,NA,NA
"21",100,0.741381365623074,"ipw.cross.fit","extended","forest",NA,NA,NA,NA,NA,NA
"22",100,0.508798993249794,"semi.oracle.aipw","extended","forest",NA,NA,NA,NA,NA,NA
"23",100,0.800234728498767,"aipw.w","extended","forest",0.0694205465289232,-0.00829202647681665,0.254751345168769,0.0879720338095928,-0.0188727114644218,0.19393864453294
"24",100,0.666390010479722,"aipw","smart","forest",0.0712257376402385,-0.00344029741713597,0.17341243952087,0.0840111136049919,-0.0215487994593206,0.137101462003726
"25",100,0.86144758411818,"t-learner","smart","forest",NA,NA,NA,NA,NA,NA
"26",100,0.521986693762383,"ipw.cross.fit","smart","forest",NA,NA,NA,NA,NA,NA
"27",100,0.511112960200356,"semi.oracle.aipw","smart","forest",NA,NA,NA,NA,NA,NA
"28",100,0.668506284781016,"aipw.w","smart","forest",0.0733448541668711,-0.00299782170501785,0.1772950847469,0.0851011611645061,-0.0216965303287581,0.138249510322457
"29",100,0.617397839715054,"ipw","minimal","forest",NA,NA,NA,NA,NA,NA
"30",100,0.624678733502319,"aipw","minimal","forest",0.0837185824032494,-0.00427347655169118,0.147474885298477,0.0628060077274344,-0.0230760646067775,0.114975922416182
"31",100,0.759628304068858,"t-learner","minimal","forest",NA,NA,NA,NA,NA,NA
"32",100,0.454029887094311,"ipw.cross.fit","minimal","forest",NA,NA,NA,NA,NA,NA
"33",100,0.508752515918344,"semi.oracle.aipw","minimal","forest",NA,NA,NA,NA,NA,NA
"34",100,0.61633447765744,"aipw.w","minimal","forest",0.0780490665013329,-0.00311976562179277,0.137774603382318,0.0598922343344188,-0.0234609446746989,0.106979828330553
"35",100,0.515722439025115,"ipw","extended","forest",NA,NA,NA,NA,NA,NA
"36",100,0.799595579735194,"aipw","extended","forest",-0.147233738228035,-0.0018156114130476,0.0988448026654607,-0.0699253828860241,-0.00597940030203501,0.0553453938484339
"37",100,0.849507655639487,"t-learner","extended","forest",NA,NA,NA,NA,NA,NA
"38",100,0.444015110837173,"ipw.cross.fit","extended","forest",NA,NA,NA,NA,NA,NA
"39",100,0.428246262107241,"semi.oracle.aipw","extended","forest",NA,NA,NA,NA,NA,NA
"40",100,0.798466493007305,"aipw.w","extended","forest",-0.147409561418895,-0.00279121280760665,0.101197134613845,-0.0691020436245635,-0.00660486628047976,0.0541125586157654
"41",100,0.72751806486794,"aipw","smart","forest",-0.149539340554831,-0.0020826231678217,0.0588582683557127,-0.0693865620803651,-1.9727743091849e-05,0.0157949709656214
"42",100,0.841664567896194,"t-learner","smart","forest",NA,NA,NA,NA,NA,NA
"43",100,0.216288821547036,"ipw.cross.fit","smart","forest",NA,NA,NA,NA,NA,NA
"44",100,0.43393892291141,"semi.oracle.aipw","smart","forest",NA,NA,NA,NA,NA,NA
"45",100,0.729017192361158,"aipw.w","smart","forest",-0.147172434909551,-0.00262837057479077,0.0647569258992431,-0.0675618110937422,-0.000184327585112664,0.0162974447962018
"46",100,0.482726442424039,"ipw","minimal","forest",NA,NA,NA,NA,NA,NA
"47",100,0.706184161893686,"aipw","minimal","forest",-0.155127129942811,-0.0026437650407537,0.0162922916144037,-0.085716743810657,-2.10757690048951e-05,0.0156715635132494
"48",100,0.726118147212809,"t-learner","minimal","forest",NA,NA,NA,NA,NA,NA
"49",100,0.221407014334987,"ipw.cross.fit","minimal","forest",NA,NA,NA,NA,NA,NA
"50",100,0.433376433012565,"semi.oracle.aipw","minimal","forest",NA,NA,NA,NA,NA,NA
"51",100,0.711493377175246,"aipw.w","minimal","forest",-0.161792508359799,-0.00312752618113372,0.0115975677592949,-0.0849817870986512,0.000369931228001962,0.0198378350883089
"52",100,0.583207720537523,"ipw","extended","forest",NA,NA,NA,NA,NA,NA
"53",100,0.877997509916938,"aipw","extended","forest",-0.232068189258541,0.0031021909964422,0.0279952544807731,-0.0660574489819113,0.0158126177726359,0.0495592603560948
"54",100,0.931058328940042,"t-learner","extended","forest",NA,NA,NA,NA,NA,NA
"55",100,0.566949375226868,"ipw.cross.fit","extended","forest",NA,NA,NA,NA,NA,NA
"56",100,0.502317356839618,"semi.oracle.aipw","extended","forest",NA,NA,NA,NA,NA,NA
"57",100,0.881952655424091,"aipw.w","extended","forest",-0.231734057816306,0.00327753262092332,0.027985983887423,-0.0672162175123314,0.0158270672843628,0.0525092482322042
"58",100,0.818382125578263,"aipw","smart","forest",-0.230728493875638,0.00648364729871905,-0.000459915001594493,-0.0639529811189496,0.0048966666789356,0.0293777035370753
"59",100,0.936046631668833,"t-learner","smart","forest",NA,NA,NA,NA,NA,NA
"60",100,0.387976594124147,"ipw.cross.fit","smart","forest",NA,NA,NA,NA,NA,NA
"61",100,0.494782862048195,"semi.oracle.aipw","smart","forest",NA,NA,NA,NA,NA,NA
"62",100,0.818626810637193,"aipw.w","smart","forest",-0.230061089033359,0.00678501410368498,0.000540280184688184,-0.065682759866331,0.00379299267666494,0.028362126701925
"63",100,0.507595425951234,"ipw","minimal","forest",NA,NA,NA,NA,NA,NA
"64",100,0.751368501623705,"aipw","minimal","forest",-0.199763708299393,0.00706593080241839,-0.00228304247522183,-0.0110742703636026,0.00533555593661334,0.0470095306263597
"65",100,0.813967168119452,"t-learner","minimal","forest",NA,NA,NA,NA,NA,NA
"66",100,0.410560052976764,"ipw.cross.fit","minimal","forest",NA,NA,NA,NA,NA,NA
"67",100,0.495804034809572,"semi.oracle.aipw","minimal","forest",NA,NA,NA,NA,NA,NA
"68",100,0.743629162634883,"aipw.w","minimal","forest",-0.199114581126338,0.00717716845402885,-0.00312686337692104,-0.0111483621066989,0.0034631007137313,0.0424502655404665
"69",100,0.598036449577016,"ipw","extended","forest",NA,NA,NA,NA,NA,NA
"70",100,0.706539512820916,"aipw","extended","forest",-0.0717026997274366,-0.00176024671142892,0.0452348269669435,-0.0535601272394547,0.00692008351730872,0.0310150935728574
"71",100,0.73413056854075,"t-learner","extended","forest",NA,NA,NA,NA,NA,NA
"72",100,0.590764080024965,"ipw.cross.fit","extended","forest",NA,NA,NA,NA,NA,NA
"73",100,0.505026765314224,"semi.oracle.aipw","extended","forest",NA,NA,NA,NA,NA,NA
"74",100,0.7096709150026,"aipw.w","extended","forest",-0.0736946998805603,-0.00169543220309659,0.0431358627146281,-0.0575840910462428,0.00724757133238169,0.0298371937235395
"75",100,0.683405758016741,"aipw","smart","forest",-0.0737895522596528,-0.00339602489636174,0.0327904209484392,-0.0553755524491683,0.010584165777608,0.0143951629698905
"76",100,0.734822336156943,"t-learner","smart","forest",NA,NA,NA,NA,NA,NA
"77",100,0.507869528548555,"ipw.cross.fit","smart","forest",NA,NA,NA,NA,NA,NA
"78",100,0.507055069389591,"semi.oracle.aipw","smart","forest",NA,NA,NA,NA,NA,NA
"79",100,0.689083636035489,"aipw.w","smart","forest",-0.0743650619092767,-0.00247130855784583,0.0336085890149898,-0.0570011822106406,0.00959855633423768,0.0171146266158455
"80",100,0.525841734401645,"ipw","minimal","forest",NA,NA,NA,NA,NA,NA
"81",100,0.675227969006928,"aipw","minimal","forest",-0.0517326918149676,-0.00354897156640361,0.0178602001122145,-0.089887130056113,0.00895353784631229,0.0104764522353804
"82",100,0.700319717454006,"t-learner","minimal","forest",NA,NA,NA,NA,NA,NA
"83",100,0.539913208498861,"ipw.cross.fit","minimal","forest",NA,NA,NA,NA,NA,NA
"84",100,0.505271494788253,"semi.oracle.aipw","minimal","forest",NA,NA,NA,NA,NA,NA
"85",100,0.675795405426811,"aipw.w","minimal","forest",-0.0515003183932246,-0.00284421665412215,0.0175967359659536,-0.0907954977709452,0.0102626997195868,0.00861744172287903
"86",100,0.638337576217486,"ipw","extended","forest",NA,NA,NA,NA,NA,NA
"87",100,0.770014483985027,"aipw","extended","forest",-0.0839300416496017,-0.00327709838952031,0.0944131861918756,0.0739588603192327,-0.00701600033735413,0.182539595830664
"88",100,0.819638724509176,"t-learner","extended","forest",NA,NA,NA,NA,NA,NA
"89",100,0.690748475042002,"ipw.cross.fit","extended","forest",NA,NA,NA,NA,NA,NA
"90",100,0.483090520632118,"semi.oracle.aipw","extended","forest",NA,NA,NA,NA,NA,NA
"91",100,0.768311529308332,"aipw.w","extended","forest",-0.0817533686736387,-0.003311948286466,0.095321169325498,0.0785174764415068,-0.00725018515294375,0.186932981831119
"92",100,0.701581781913,"aipw","smart","forest",-0.0875442269511964,0.0014715113040998,0.0430650448496195,0.0780868962546295,-0.00508278750957537,0.159287063213297
"93",100,0.813935938857218,"t-learner","smart","forest",NA,NA,NA,NA,NA,NA
"94",100,0.61952878469971,"ipw.cross.fit","smart","forest",NA,NA,NA,NA,NA,NA
"95",100,0.489772343153517,"semi.oracle.aipw","smart","forest",NA,NA,NA,NA,NA,NA
"96",100,0.695428046791909,"aipw.w","smart","forest",-0.0816022688233794,0.00134956140023248,0.0427318697706557,0.0772209287938741,-0.00477851436718301,0.158360170599706
"97",100,0.7144092879443,"ipw","minimal","forest",NA,NA,NA,NA,NA,NA
"98",100,0.664327480977581,"aipw","minimal","forest",-0.0812491965312546,0.00232226841227454,0.0248406913280836,0.0968034533142414,-0.00461642131406857,0.163951579975286
"99",100,0.738589429476505,"t-learner","minimal","forest",NA,NA,NA,NA,NA,NA
"100",100,0.648319710410842,"ipw.cross.fit","minimal","forest",NA,NA,NA,NA,NA,NA
"101",100,0.491089466457198,"semi.oracle.aipw","minimal","forest",NA,NA,NA,NA,NA,NA
"102",100,0.663139522271013,"aipw.w","minimal","forest",-0.0812506441054657,0.00131832618112069,0.0281417034262434,0.0953540938419156,-0.00559205482526191,0.159991377866368
"103",100,0.770690269523415,"ipw","extended","forest",NA,NA,NA,NA,NA,NA
"104",100,0.776035961191006,"aipw","extended","forest",0.0686914500762906,0.0178906879127222,0.206654661410899,-0.038805997780931,0.00245876433566986,0.0629375061103846
"105",100,0.880127018864337,"t-learner","extended","forest",NA,NA,NA,NA,NA,NA
"106",100,0.527515818537193,"ipw.cross.fit","extended","forest",NA,NA,NA,NA,NA,NA
"107",100,0.536329245965082,"semi.oracle.aipw","extended","forest",NA,NA,NA,NA,NA,NA
"108",100,0.787511983762276,"aipw.w","extended","forest",0.0657784052877442,0.0186120041625219,0.206012514625893,-0.0472184663881483,0.00155100887222778,0.0639166012845401
"109",100,0.686515761467933,"aipw","smart","forest",0.0716600656538678,0.0149570970591096,0.182888337167623,-0.0434105015260411,4.68688528609464e-05,0.000893228799476348
"110",100,0.879700197148714,"t-learner","smart","forest",NA,NA,NA,NA,NA,NA
"111",100,0.230704239635616,"ipw.cross.fit","smart","forest",NA,NA,NA,NA,NA,NA
"112",100,0.53098375962866,"semi.oracle.aipw","smart","forest",NA,NA,NA,NA,NA,NA
"113",100,0.665471624469202,"aipw.w","smart","forest",0.0643072133556709,0.0149411809248883,0.17179333809151,-0.0406984008674922,-0.00140171959717294,-0.0122321561785342
"114",100,0.083702704376679,"ipw","minimal","forest",NA,NA,NA,NA,NA,NA
"115",100,0.631761941926144,"aipw","minimal","forest",0.0184954611070704,0.0152345556038289,0.110749526497222,-0.0356868074451639,-0.000112978451526187,-0.0272803017781639
"116",100,0.810267991564301,"t-learner","minimal","forest",NA,NA,NA,NA,NA,NA
"117",100,0.141188515419849,"ipw.cross.fit","minimal","forest",NA,NA,NA,NA,NA,NA
"118",100,0.531101370868992,"semi.oracle.aipw","minimal","forest",NA,NA,NA,NA,NA,NA
"119",100,0.64583104050878,"aipw.w","minimal","forest",0.0248619030498323,0.0149466173804901,0.113622255501291,-0.0348636154375245,0.00116009627731962,-0.00987943475470245
"120",100,0.627885260967656,"ipw","extended","forest",NA,NA,NA,NA,NA,NA
"121",100,0.757545050375384,"aipw","extended","forest",-0.0406540839887027,0.0357664827653737,0.118180045511557,0.0189707592322189,-0.0212890399076066,0.118634308386676
"122",100,0.803054987459992,"t-learner","extended","forest",NA,NA,NA,NA,NA,NA
"123",100,0.749893397590614,"ipw.cross.fit","extended","forest",NA,NA,NA,NA,NA,NA
"124",100,0.499047371720667,"semi.oracle.aipw","extended","forest",NA,NA,NA,NA,NA,NA
"125",100,0.754448658832338,"aipw.w","extended","forest",-0.0368061047267684,0.035749375320901,0.117940334958237,0.0189419415607938,-0.0216169825958923,0.119941839120218
"126",100,0.704753763034294,"aipw","smart","forest",-0.0406501782826535,0.0287054371495056,0.0838985693965215,0.0195406647384194,-0.0150096858625524,0.101479999943685
"127",100,0.801873600389305,"t-learner","smart","forest",NA,NA,NA,NA,NA,NA
"128",100,0.595025034793422,"ipw.cross.fit","smart","forest",NA,NA,NA,NA,NA,NA
"129",100,0.498265680149853,"semi.oracle.aipw","smart","forest",NA,NA,NA,NA,NA,NA
"130",100,0.705859151818417,"aipw.w","smart","forest",-0.0363273042007742,0.0289222834577321,0.0867840936970174,0.01861327064764,-0.0144289677986895,0.102297780046323
"131",100,0.367933210244296,"ipw","minimal","forest",NA,NA,NA,NA,NA,NA
"132",100,0.663322433308328,"aipw","minimal","forest",-0.0313983344787001,0.0293419470194563,0.0584532454562509,0.0185060496940677,-0.0146184353753906,0.0926834625604791
"133",100,0.729513776839836,"t-learner","minimal","forest",NA,NA,NA,NA,NA,NA
"134",100,0.619843440802308,"ipw.cross.fit","minimal","forest",NA,NA,NA,NA,NA,NA
"135",100,0.499293440506965,"semi.oracle.aipw","minimal","forest",NA,NA,NA,NA,NA,NA
"136",100,0.658596833432389,"aipw.w","minimal","forest",-0.0355311526153109,0.0299122244989719,0.0527511302274196,0.0181891238015924,-0.0148578571039548,0.088879378133334
"137",100,0.606255374592214,"ipw","extended","forest",NA,NA,NA,NA,NA,NA
"138",100,0.809907061208233,"aipw","extended","forest",-0.0662442309170919,0.000758821418485642,0.132335395652443,-0.0669035523069719,-0.0050196252575767,0.0409285986784988
"139",100,0.853689255917905,"t-learner","extended","forest",NA,NA,NA,NA,NA,NA
"140",100,0.729426818997906,"ipw.cross.fit","extended","forest",NA,NA,NA,NA,NA,NA
"141",100,0.503495283653228,"semi.oracle.aipw","extended","forest",NA,NA,NA,NA,NA,NA
"142",100,0.813501684382656,"aipw.w","extended","forest",-0.0710932119409904,0.000475552833416365,0.129265415271016,-0.0680175225083697,-0.00457952163167623,0.04147341596822
"143",100,0.720044437384363,"aipw","smart","forest",-0.072493986381027,-0.00302650156544492,0.0762483103801498,-0.0687140067078017,-0.00786766757807736,0.00572621556658827
"144",100,0.857412338398346,"t-learner","smart","forest",NA,NA,NA,NA,NA,NA
"145",100,0.44907468050446,"ipw.cross.fit","smart","forest",NA,NA,NA,NA,NA,NA
"146",100,0.496861918348797,"semi.oracle.aipw","smart","forest",NA,NA,NA,NA,NA,NA
"147",100,0.723094768601307,"aipw.w","smart","forest",-0.0690424608886709,-0.00434452769463801,0.0818545307391354,-0.0694577060224868,-0.00670251837417152,0.00603102952750418
"148",100,0.43849360636604,"ipw","minimal","forest",NA,NA,NA,NA,NA,NA
"149",100,0.5976913525261,"aipw","minimal","forest",-0.00509766513965773,-0.00205275956003604,0.0366986200345659,-0.0486116906759244,-0.00709084816948835,0.00867089691315708
"150",100,0.704259507505786,"t-learner","minimal","forest",NA,NA,NA,NA,NA,NA
"151",100,0.506663678778178,"ipw.cross.fit","minimal","forest",NA,NA,NA,NA,NA,NA
"152",100,0.498612479762795,"semi.oracle.aipw","minimal","forest",NA,NA,NA,NA,NA,NA
"153",100,0.590696478998128,"aipw.w","minimal","forest",-0.00519223027055408,-0.00235904314764797,0.0415439802113362,-0.0459791294498176,-0.00664132813820589,-0.000774577140044938
"154",100,0.643913069168437,"ipw","extended","forest",NA,NA,NA,NA,NA,NA
"155",100,0.722968842449788,"aipw","extended","forest",-0.0597187479994763,0.00686297342058079,0.0804922650151222,-0.051124738415685,0.00388327368632955,0.0873795234455512
"156",100,0.833657039189614,"t-learner","extended","forest",NA,NA,NA,NA,NA,NA
"157",100,0.690229197153275,"ipw.cross.fit","extended","forest",NA,NA,NA,NA,NA,NA
"158",100,0.444253567573953,"semi.oracle.aipw","extended","forest",NA,NA,NA,NA,NA,NA
"159",100,0.716774622711387,"aipw.w","extended","forest",-0.0678068256336561,0.00670772005730092,0.0737852695678285,-0.0469153892589309,0.00286884939005086,0.0851832483365765
"160",100,0.596343206100845,"aipw","smart","forest",-0.0648777618069979,-0.00328072867991765,0.0113163722599515,-0.0447532464219859,-0.00245668483226558,0.0476259186570503
"161",100,0.835906268763825,"t-learner","smart","forest",NA,NA,NA,NA,NA,NA
"162",100,0.723853626723137,"ipw.cross.fit","smart","forest",NA,NA,NA,NA,NA,NA
"163",100,0.42776990695486,"semi.oracle.aipw","smart","forest",NA,NA,NA,NA,NA,NA
"164",100,0.595556914466317,"aipw.w","smart","forest",-0.0626147057929341,-0.000133654188842638,0.0150455257360034,-0.0443412054833028,-0.00348486721708053,0.0436666783929564
"165",100,0.676495518434232,"ipw","minimal","forest",NA,NA,NA,NA,NA,NA
"166",100,0.613508930222369,"aipw","minimal","forest",-0.0691562980429034,-0.00121582565748527,0.0138612531388581,-0.0662585785597963,-0.00196725485950662,0.0339085605307605
"167",100,0.742522334122705,"t-learner","minimal","forest",NA,NA,NA,NA,NA,NA
"168",100,0.635712953366275,"ipw.cross.fit","minimal","forest",NA,NA,NA,NA,NA,NA
"169",100,0.430324239950051,"semi.oracle.aipw","minimal","forest",NA,NA,NA,NA,NA,NA
"170",100,0.598698924102266,"aipw.w","minimal","forest",-0.0674617088756071,-0.000757480748369745,0.00775106926177699,-0.0644269888478433,-0.00370989399322971,0.0300192113915953
"171",300,0.536235549296942,"ipw","extended","forest",NA,NA,NA,NA,NA,NA
"172",300,0.597896140842244,"aipw","extended","forest",0.0637066909194089,0.00574079904342375,0.110994461114237,0.0122866657191459,0.0028604008349504,0.0751331886646668
"173",300,0.690891468895784,"t-learner","extended","forest",NA,NA,NA,NA,NA,NA
"174",300,0.632087585768152,"ipw.cross.fit","extended","forest",NA,NA,NA,NA,NA,NA
"175",300,0.487761847701895,"semi.oracle.aipw","extended","forest",NA,NA,NA,NA,NA,NA
"176",300,0.597652243101789,"aipw.w","extended","forest",0.0648337485538159,0.00528001409045587,0.109504118513505,0.0116267656632877,0.00264918311140274,0.0775187937800085
"177",300,0.481965171129324,"aipw","smart","forest",0.0658503636594418,-0.00214372013585042,0.0359843535358177,0.0128638940693775,0.00542877311738172,0.0422493745172736
"178",300,0.689278756724581,"t-learner","smart","forest",NA,NA,NA,NA,NA,NA
"179",300,0.766110099409276,"ipw.cross.fit","smart","forest",NA,NA,NA,NA,NA,NA
"180",300,0.482445700805052,"semi.oracle.aipw","smart","forest",NA,NA,NA,NA,NA,NA
"181",300,0.48409331868609,"aipw.w","smart","forest",0.0649398304879812,-0.00191291957293781,0.038423577211506,0.0114654532904463,0.0049722264574085,0.0398550705450203
"182",300,0.475680571640891,"ipw","minimal","forest",NA,NA,NA,NA,NA,NA
"183",300,0.465210501690026,"aipw","minimal","forest",0.0776555962054416,-0.00451378417980358,0.0339705358447613,0.0120686028341512,0.00635381835661428,0.0399634828845256
"184",300,0.542762804679174,"t-learner","minimal","forest",NA,NA,NA,NA,NA,NA
"185",300,0.745770072744189,"ipw.cross.fit","minimal","forest",NA,NA,NA,NA,NA,NA
"186",300,0.481000682000331,"semi.oracle.aipw","minimal","forest",NA,NA,NA,NA,NA,NA
"187",300,0.47911972070958,"aipw.w","minimal","forest",0.0772711782109718,-0.00117888426898538,0.0464484994804676,0.0120757871971615,0.00566676629254758,0.0383696567901626
"188",300,0.519448384917687,"ipw","extended","forest",NA,NA,NA,NA,NA,NA
"189",300,0.645516326066719,"aipw","extended","forest",0.0354242207706787,-0.00408991780110418,0.119188122526668,0.0220119844496699,0.000432050357037266,0.101644375114827
"190",300,0.717356366937848,"t-learner","extended","forest",NA,NA,NA,NA,NA,NA
"191",300,0.551206182784472,"ipw.cross.fit","extended","forest",NA,NA,NA,NA,NA,NA
"192",300,0.482120033645573,"semi.oracle.aipw","extended","forest",NA,NA,NA,NA,NA,NA
"193",300,0.65097116828796,"aipw.w","extended","forest",0.0321248888344932,-0.00385714796965316,0.116412783573074,0.0195312591286694,0.000381247045243482,0.103912532512818
"194",300,0.580063899499581,"aipw","smart","forest",0.0327293944149366,-0.00362377784612476,0.0770563747035358,0.0209153361560665,0.0022384073565985,0.0722597247669346
"195",300,0.714112539703898,"t-learner","smart","forest",NA,NA,NA,NA,NA,NA
"196",300,0.501353517088083,"ipw.cross.fit","smart","forest",NA,NA,NA,NA,NA,NA
"197",300,0.484392530600113,"semi.oracle.aipw","smart","forest",NA,NA,NA,NA,NA,NA
"198",300,0.582667161722327,"aipw.w","smart","forest",0.0332886244822688,-0.003743886637581,0.0797386638465049,0.0181324713440541,0.00175368138831369,0.0705618978617722
"199",300,0.450648869234911,"ipw","minimal","forest",NA,NA,NA,NA,NA,NA
"200",300,0.474718132223775,"aipw","minimal","forest",0.053235405876362,-0.00377079917323022,0.052639175397403,0.062906077908397,0.00240759738632571,0.0538057413083962
"201",300,0.539266290992973,"t-learner","minimal","forest",NA,NA,NA,NA,NA,NA
"202",300,0.53003235972289,"ipw.cross.fit","minimal","forest",NA,NA,NA,NA,NA,NA
"203",300,0.484414699302735,"semi.oracle.aipw","minimal","forest",NA,NA,NA,NA,NA,NA
"204",300,0.478041743864603,"aipw.w","minimal","forest",0.0485487619642127,-0.00330190798561245,0.0491970521096078,0.0612512671250145,0.0028887295372365,0.0532799982029587
"205",300,0.67820508599992,"ipw","extended","forest",NA,NA,NA,NA,NA,NA
"206",300,0.740921331817672,"aipw","extended","forest",-0.0190498511986468,0.00790314107172868,0.0997897784996382,-0.0141532801830138,-0.0007993606728043,0.0952511999263834
"207",300,0.797988385415578,"t-learner","extended","forest",NA,NA,NA,NA,NA,NA
"208",300,0.739629550876988,"ipw.cross.fit","extended","forest",NA,NA,NA,NA,NA,NA
"209",300,0.512677222009989,"semi.oracle.aipw","extended","forest",NA,NA,NA,NA,NA,NA
"210",300,0.74479401111126,"aipw.w","extended","forest",-0.0216034074956182,0.00794780534326816,0.0999210835309966,-0.0143282285480325,-0.00127518407629531,0.096695228658575
"211",300,0.667093438362165,"aipw","smart","forest",-0.0204377565226076,0.00283640167480013,0.0547501368563133,-0.0145128760681116,-0.00259133556680518,0.0715741611960719
"212",300,0.794965032269448,"t-learner","smart","forest",NA,NA,NA,NA,NA,NA
"213",300,0.656215797827823,"ipw.cross.fit","smart","forest",NA,NA,NA,NA,NA,NA
"214",300,0.50581850771906,"semi.oracle.aipw","smart","forest",NA,NA,NA,NA,NA,NA
"215",300,0.672307553817284,"aipw.w","smart","forest",-0.0206376753635365,0.00285313953978333,0.059565510882325,-0.0130372719694232,-0.00167547015764454,0.0723159846087953
"216",300,0.589800157386725,"ipw","minimal","forest",NA,NA,NA,NA,NA,NA
"217",300,0.622243296710471,"aipw","minimal","forest",-0.0255759549715533,0.0026320035901709,0.0323435155064677,-0.0163583519156757,-0.00212131838740141,0.0418813475029399
"218",300,0.672903121334869,"t-learner","minimal","forest",NA,NA,NA,NA,NA,NA
"219",300,0.651801582543479,"ipw.cross.fit","minimal","forest",NA,NA,NA,NA,NA,NA
"220",300,0.506084126813835,"semi.oracle.aipw","minimal","forest",NA,NA,NA,NA,NA,NA
"221",300,0.624097369787746,"aipw.w","minimal","forest",-0.0260190654599468,0.0025015734239866,0.0315844198485413,-0.0176993347508654,-0.00162200416930783,0.0423415388626482
"222",300,0.499285532233183,"ipw","extended","forest",NA,NA,NA,NA,NA,NA
"223",300,0.7282117742253,"aipw","extended","forest",-0.0413726571827463,-0.00149894110361723,0.0755112739704872,0.0271181257957311,-0.0101065810204285,0.100361083680166
"224",300,0.808473353464359,"t-learner","extended","forest",NA,NA,NA,NA,NA,NA
"225",300,0.610822487420396,"ipw.cross.fit","extended","forest",NA,NA,NA,NA,NA,NA
"226",300,0.538084885187632,"semi.oracle.aipw","extended","forest",NA,NA,NA,NA,NA,NA
"227",300,0.734160827544804,"aipw.w","extended","forest",-0.0414912658894996,-0.00134860588971166,0.080450200256659,0.0288331612645456,-0.0107339444667532,0.103444665707978
"228",300,0.652835501689775,"aipw","smart","forest",-0.0412961294063826,-0.000622532146581316,0.0432964160192113,0.0269683425556893,-0.0062644471866166,0.0524078708413906
"229",300,0.811990093578525,"t-learner","smart","forest",NA,NA,NA,NA,NA,NA
"230",300,0.45905572160269,"ipw.cross.fit","smart","forest",NA,NA,NA,NA,NA,NA
"231",300,0.54280342797848,"semi.oracle.aipw","smart","forest",NA,NA,NA,NA,NA,NA
"232",300,0.655994192925671,"aipw.w","smart","forest",-0.0441412846423749,-0.000537104388859483,0.0407213525244834,0.0291016049580922,-0.00636471915822787,0.0574445769523147
"233",300,0.377632106471941,"ipw","minimal","forest",NA,NA,NA,NA,NA,NA
"234",300,0.546387444034439,"aipw","minimal","forest",-0.00505560374338104,-0.000243101157149807,0.0146402446808274,0.053757906859236,-0.00646054299315698,0.0374627393080954
"235",300,0.61487360107257,"t-learner","minimal","forest",NA,NA,NA,NA,NA,NA
"236",300,0.496517579382364,"ipw.cross.fit","minimal","forest",NA,NA,NA,NA,NA,NA
"237",300,0.542986763161371,"semi.oracle.aipw","minimal","forest",NA,NA,NA,NA,NA,NA
"238",300,0.546933093710829,"aipw.w","minimal","forest",-0.00730947821371851,-0.000233566734229069,0.0119209075255389,0.0550442551983876,-0.00708216951094669,0.0403722921034573
"239",300,0.561943270649296,"ipw","extended","forest",NA,NA,NA,NA,NA,NA
"240",300,0.718746405116684,"aipw","extended","forest",-0.0768962245141754,0.00450364117592821,0.0598159759463363,-0.0176281148504872,0.0150485674430291,0.0800470327944804
"241",300,0.791999342800234,"t-learner","extended","forest",NA,NA,NA,NA,NA,NA
"242",300,0.56429491841051,"ipw.cross.fit","extended","forest",NA,NA,NA,NA,NA,NA
"243",300,0.484359057011205,"semi.oracle.aipw","extended","forest",NA,NA,NA,NA,NA,NA
"244",300,0.717919474131481,"aipw.w","extended","forest",-0.074429459884892,0.00436747194664092,0.0615874291756755,-0.01716654373234,0.0145919468997986,0.080969774099887
"245",300,0.653093198117096,"aipw","smart","forest",-0.075139596656189,0.00389491795964999,0.0416196603475425,-0.018491781560466,0.0060263781747933,0.0431140150262077
"246",300,0.793630556492794,"t-learner","smart","forest",NA,NA,NA,NA,NA,NA
"247",300,0.392449140645489,"ipw.cross.fit","smart","forest",NA,NA,NA,NA,NA,NA
"248",300,0.474728144526691,"semi.oracle.aipw","smart","forest",NA,NA,NA,NA,NA,NA
"249",300,0.650414241085115,"aipw.w","smart","forest",-0.0725766875035601,0.00444695882929505,0.039177414592519,-0.0199605202391055,0.00659133928124315,0.0428544722471448
"250",300,0.514841828260356,"ipw","minimal","forest",NA,NA,NA,NA,NA,NA
"251",300,0.592576218095172,"aipw","minimal","forest",-0.0392155133877073,0.00466991724283144,0.0240720399964381,-0.0270420769963143,0.00614363504834736,0.0266261870312864
"252",300,0.658010986346033,"t-learner","minimal","forest",NA,NA,NA,NA,NA,NA
"253",300,0.426540622720792,"ipw.cross.fit","minimal","forest",NA,NA,NA,NA,NA,NA
"254",300,0.475620400683426,"semi.oracle.aipw","minimal","forest",NA,NA,NA,NA,NA,NA
"255",300,0.595975763713334,"aipw.w","minimal","forest",-0.0395752734268258,0.00490152494127282,0.0242985212394985,-0.0274691733024499,0.00673251207689773,0.028191910334142
"256",300,0.593843009045912,"ipw","extended","forest",NA,NA,NA,NA,NA,NA
"257",300,0.720927839136379,"aipw","extended","forest",-0.06932866771308,0.00195781400123875,0.0759801793520992,-0.00158972785188238,-0.00109577130770392,0.086954430599306
"258",300,0.804921932383246,"t-learner","extended","forest",NA,NA,NA,NA,NA,NA
"259",300,0.593467468974651,"ipw.cross.fit","extended","forest",NA,NA,NA,NA,NA,NA
"260",300,0.487074833620012,"semi.oracle.aipw","extended","forest",NA,NA,NA,NA,NA,NA
"261",300,0.721310538356712,"aipw.w","extended","forest",-0.0687458496260318,0.00175304549832843,0.0739997504439065,-0.00298518362961919,-0.00065246535078764,0.0882663835831367
"262",300,0.673037435713311,"aipw","smart","forest",-0.0685099458323938,0.00105343896113578,0.0469773542224114,-0.000990565126636561,-0.000468985679354887,0.0697623263236115
"263",300,0.807993231286418,"t-learner","smart","forest",NA,NA,NA,NA,NA,NA
"264",300,0.58217569653443,"ipw.cross.fit","smart","forest",NA,NA,NA,NA,NA,NA
"265",300,0.486797244208258,"semi.oracle.aipw","smart","forest",NA,NA,NA,NA,NA,NA
"266",300,0.679086425966116,"aipw.w","smart","forest",-0.0701957773283311,0.00116228157336119,0.0502673701997753,-0.0045118708755447,-0.000745677570708681,0.0674820126333355
"267",300,0.490152941513791,"ipw","minimal","forest",NA,NA,NA,NA,NA,NA
"268",300,0.649095952775619,"aipw","minimal","forest",-0.0664730035472464,0.0011013893592971,0.0352660053688726,-0.0139998576709233,-0.00109448048273901,0.0471373863855415
"269",300,0.705172580612539,"t-learner","minimal","forest",NA,NA,NA,NA,NA,NA
"270",300,0.551975802958202,"ipw.cross.fit","minimal","forest",NA,NA,NA,NA,NA,NA
"271",300,0.486219699803035,"semi.oracle.aipw","minimal","forest",NA,NA,NA,NA,NA,NA
"272",300,0.646227597368647,"aipw.w","minimal","forest",-0.0673712105283832,0.00105524351259805,0.0328855050055475,-0.0121125744488035,-0.000801271825895817,0.0473915447727335
"273",300,0.56069214387816,"ipw","extended","forest",NA,NA,NA,NA,NA,NA
"274",300,0.726739341902386,"aipw","extended","forest",-0.0965103049769394,0.00013249703307801,0.0380955240492331,0.0352152836568658,-0.0151952804655933,0.115716643900023
"275",300,0.794790564415567,"t-learner","extended","forest",NA,NA,NA,NA,NA,NA
"276",300,0.603954466988532,"ipw.cross.fit","extended","forest",NA,NA,NA,NA,NA,NA
"277",300,0.511632152633057,"semi.oracle.aipw","extended","forest",NA,NA,NA,NA,NA,NA
"278",300,0.723049535120019,"aipw.w","extended","forest",-0.096564531083343,5.35680056718813e-07,0.0360965035421704,0.035495167353508,-0.0150270904714123,0.114215286573797
"279",300,0.677209535277675,"aipw","smart","forest",-0.098254323284044,0.00504978228469828,0.00402714448671332,0.0347200991784687,-0.0116248820256805,0.089528330360797
"280",300,0.797824510825946,"t-learner","smart","forest",NA,NA,NA,NA,NA,NA
"281",300,0.509564160884348,"ipw.cross.fit","smart","forest",NA,NA,NA,NA,NA,NA
"282",300,0.52011983632459,"semi.oracle.aipw","smart","forest",NA,NA,NA,NA,NA,NA
"283",300,0.672384925894416,"aipw.w","smart","forest",-0.0964810106638102,0.00556569198248168,0.00224988312276771,0.0347981217189698,-0.0122821485954166,0.0884736743741711
"284",300,0.494153868965144,"ipw","minimal","forest",NA,NA,NA,NA,NA,NA
"285",300,0.616171207558637,"aipw","minimal","forest",-0.0552410575170501,0.00465274223722346,-0.000595049927517332,0.0192817577745688,-0.0108629251148169,0.0603222045556946
"286",300,0.675800019852077,"t-learner","minimal","forest",NA,NA,NA,NA,NA,NA
"287",300,0.505724602735312,"ipw.cross.fit","minimal","forest",NA,NA,NA,NA,NA,NA
"288",300,0.520484753187978,"semi.oracle.aipw","minimal","forest",NA,NA,NA,NA,NA,NA
"289",300,0.615369291647888,"aipw.w","minimal","forest",-0.0582097188997354,0.00597071034198534,-0.00552992550361466,0.0173439040027904,-0.0116627866738465,0.0590305425208467
"290",300,0.618981716105677,"ipw","extended","forest",NA,NA,NA,NA,NA,NA
"291",300,0.696653419244238,"aipw","extended","forest",0.0071374647563552,0.00310301086526034,0.0840768640087771,-0.0424363907743239,0.000712939471586233,0.0329521024430894
"292",300,0.789636585788918,"t-learner","extended","forest",NA,NA,NA,NA,NA,NA
"293",300,0.583755017769546,"ipw.cross.fit","extended","forest",NA,NA,NA,NA,NA,NA
"294",300,0.544325526774402,"semi.oracle.aipw","extended","forest",NA,NA,NA,NA,NA,NA
"295",300,0.695705340735746,"aipw.w","extended","forest",0.00744358976375302,0.00298758711766721,0.0831726989138542,-0.0408854909815173,0.00157079829305946,0.0340227787558452
"296",300,0.601991431936833,"aipw","smart","forest",0.00674721156114439,0.00357847812159624,0.0577961136012988,-0.0414180771853892,0.000418203521266726,-0.0349818053691295
"297",300,0.784392189129625,"t-learner","smart","forest",NA,NA,NA,NA,NA,NA
"298",300,0.29063514712687,"ipw.cross.fit","smart","forest",NA,NA,NA,NA,NA,NA
"299",300,0.544506258080419,"semi.oracle.aipw","smart","forest",NA,NA,NA,NA,NA,NA
"300",300,0.601560861420433,"aipw.w","smart","forest",0.00875612586136694,0.00397424583327823,0.0556442060029656,-0.0426420471770828,0.00120452451079096,-0.0336576126798733
"301",300,0.306676990772208,"ipw","minimal","forest",NA,NA,NA,NA,NA,NA
"302",300,0.49994730575312,"aipw","minimal","forest",0.00580165056186575,0.00355502217970092,0.0139661332056085,0.0377691878744763,0.000928752637862793,-0.0154413402712665
"303",300,0.597767471906579,"t-learner","minimal","forest",NA,NA,NA,NA,NA,NA
"304",300,0.294501889491519,"ipw.cross.fit","minimal","forest",NA,NA,NA,NA,NA,NA
"305",300,0.54499335125512,"semi.oracle.aipw","minimal","forest",NA,NA,NA,NA,NA,NA
"306",300,0.501757214367844,"aipw.w","minimal","forest",0.00609583731029654,0.00369383974449292,0.0152546627636763,0.0377362895501602,0.00178944689378173,-0.0156581846112056
"307",300,0.496414775287051,"ipw","extended","forest",NA,NA,NA,NA,NA,NA
"308",300,0.666964547391329,"aipw","extended","forest",-0.0357713855792961,0.000416714445004548,0.053030334837987,0.00913227274596061,-0.00949838431429127,0.0792954486000889
"309",300,0.75022284006854,"t-learner","extended","forest",NA,NA,NA,NA,NA,NA
"310",300,0.543911783969017,"ipw.cross.fit","extended","forest",NA,NA,NA,NA,NA,NA
"311",300,0.507999651119918,"semi.oracle.aipw","extended","forest",NA,NA,NA,NA,NA,NA
"312",300,0.666202291925667,"aipw.w","extended","forest",-0.0375108969766835,0.00053346910135698,0.0508323089721879,0.00955891985240169,-0.0106164660493394,0.0804196817879752
"313",300,0.573571830035386,"aipw","smart","forest",-0.0381699947958404,-0.0138512381117038,0.000842162611061381,0.00947741603112819,-0.00374805303615282,0.0445550588182647
"314",300,0.751297141622467,"t-learner","smart","forest",NA,NA,NA,NA,NA,NA
"315",300,0.566248714106855,"ipw.cross.fit","smart","forest",NA,NA,NA,NA,NA,NA
"316",300,0.499482029841348,"semi.oracle.aipw","smart","forest",NA,NA,NA,NA,NA,NA
"317",300,0.566270093158045,"aipw.w","smart","forest",-0.0364968633591777,-0.0167165304184586,-0.0111446275933991,0.0101844605598657,-0.00477107061611737,0.0555085979975036
"318",300,0.220053891638192,"ipw","minimal","forest",NA,NA,NA,NA,NA,NA
"319",300,0.549172953063711,"aipw","minimal","forest",0.000231292425878256,-0.0147952626354737,0.0465668528011213,0.0527366937910337,-0.00409524266504053,0.0573832707908112
"320",300,0.57375502250561,"t-learner","minimal","forest",NA,NA,NA,NA,NA,NA
"321",300,0.60726209143932,"ipw.cross.fit","minimal","forest",NA,NA,NA,NA,NA,NA
"322",300,0.49819081568869,"semi.oracle.aipw","minimal","forest",NA,NA,NA,NA,NA,NA
"323",300,0.552572773871922,"aipw.w","minimal","forest",0.00145402287540675,-0.0153372987297541,0.0410889834832532,0.0519285715729707,-0.00425261686685902,0.0673749794444548
"324",300,0.755692392986842,"ipw","extended","forest",NA,NA,NA,NA,NA,NA
"325",300,0.813843479790552,"aipw","extended","forest",-0.10843836966198,-0.00311851678793739,0.0490842856052682,-0.0810428168704955,0.00830826690195442,0.0620629709665388
"326",300,0.882364610261957,"t-learner","extended","forest",NA,NA,NA,NA,NA,NA
"327",300,0.861874488807203,"ipw.cross.fit","extended","forest",NA,NA,NA,NA,NA,NA
"328",300,0.513215036686269,"semi.oracle.aipw","extended","forest",NA,NA,NA,NA,NA,NA
"329",300,0.816305319793805,"aipw.w","extended","forest",-0.108208675889118,-0.00340346114080277,0.0501859390920493,-0.0807199846801765,0.00876202674941479,0.0638068679515969
"330",300,0.7495914426796,"aipw","smart","forest",-0.108465019984478,-0.0017024758275152,0.0124411038776152,-0.079369877879119,0.00629352934215459,0.0366991008514956
"331",300,0.882772871556399,"t-learner","smart","forest",NA,NA,NA,NA,NA,NA
"332",300,0.751127685942392,"ipw.cross.fit","smart","forest",NA,NA,NA,NA,NA,NA
"333",300,0.512616340086892,"semi.oracle.aipw","smart","forest",NA,NA,NA,NA,NA,NA
"334",300,0.739604668772333,"aipw.w","smart","forest",-0.107822124137491,-0.00181680990635655,0.00825569986855924,-0.0814444510084899,0.00532595435090388,0.0305479627409936
"335",300,0.652355241253922,"ipw","minimal","forest",NA,NA,NA,NA,NA,NA
"336",300,0.745434086319091,"aipw","minimal","forest",-0.0933928078749542,-0.00154169457782172,0.0160082827352832,-0.0987632692962305,0.00592064424639913,0.0248654901717939
"337",300,0.804088492336161,"t-learner","minimal","forest",NA,NA,NA,NA,NA,NA
"338",300,0.748492934636396,"ipw.cross.fit","minimal","forest",NA,NA,NA,NA,NA,NA
"339",300,0.51240423624083,"semi.oracle.aipw","minimal","forest",NA,NA,NA,NA,NA,NA
"340",300,0.756392714536054,"aipw.w","minimal","forest",-0.0951150158321677,-0.00107633680681505,0.0167234496823713,-0.0996624934968648,0.00701449272325533,0.0309283130359573
"341",1000,0.501851305051524,"ipw","extended","forest",NA,NA,NA,NA,NA,NA
"342",1000,0.615159510859242,"aipw","extended","forest",-0.0418802904468296,0.00214864418187078,0.0289637876628501,0.00991013475798878,0.000884274100464566,0.0624060511824626
"343",1000,0.707723220119029,"t-learner","extended","forest",NA,NA,NA,NA,NA,NA
"344",1000,0.516613962105985,"ipw.cross.fit","extended","forest",NA,NA,NA,NA,NA,NA
"345",1000,0.491819516325088,"semi.oracle.aipw","extended","forest",NA,NA,NA,NA,NA,NA
"346",1000,0.614538424746379,"aipw.w","extended","forest",-0.040909942084267,0.00248756615417038,0.0293539446412271,0.0108305679381555,0.00124658314087279,0.0625843586212444
"347",1000,0.530960532948042,"aipw","smart","forest",-0.0412396667310361,0.000790093359730502,-0.000812717097808126,0.00972821380891871,0.00977027096891709,0.000914834752332081
"348",1000,0.707869537108355,"t-learner","smart","forest",NA,NA,NA,NA,NA,NA
"349",1000,0.382019637238905,"ipw.cross.fit","smart","forest",NA,NA,NA,NA,NA,NA
"350",1000,0.4993469623714,"semi.oracle.aipw","smart","forest",NA,NA,NA,NA,NA,NA
"351",1000,0.536560053471093,"aipw.w","smart","forest",-0.0417637441542717,0.000328575191386466,-0.00109566324120345,0.00877225128247414,0.00739734468484523,0.00815170592151486
"352",1000,0.46318406964917,"ipw","minimal","forest",NA,NA,NA,NA,NA,NA
"353",1000,0.508926764128356,"aipw","minimal","forest",-0.0140539368532014,0.000475895676758134,-0.00274587456140652,-0.00457995453255004,0.00536552360159795,-0.001589270017098
"354",1000,0.563416855009357,"t-learner","minimal","forest",NA,NA,NA,NA,NA,NA
"355",1000,0.416630008973212,"ipw.cross.fit","minimal","forest",NA,NA,NA,NA,NA,NA
"356",1000,0.494628017321109,"semi.oracle.aipw","minimal","forest",NA,NA,NA,NA,NA,NA
"357",1000,0.504002500769546,"aipw.w","minimal","forest",-0.0143963328371533,0.000821176389911447,-0.00750757677966322,-0.00521359097972883,0.00774098285901095,-0.00544860355934767
"358",1000,0.554330902561014,"ipw","extended","forest",NA,NA,NA,NA,NA,NA
"359",1000,0.601672633513132,"aipw","extended","forest",-0.0159689731470763,0.0039724586536355,0.0395113853932512,-0.00990182378615174,-0.00150093463122104,0.0521591058155217
"360",1000,0.683746990297298,"t-learner","extended","forest",NA,NA,NA,NA,NA,NA
"361",1000,0.601973241548613,"ipw.cross.fit","extended","forest",NA,NA,NA,NA,NA,NA
"362",1000,0.484131345371131,"semi.oracle.aipw","extended","forest",NA,NA,NA,NA,NA,NA
"363",1000,0.60082775757422,"aipw.w","extended","forest",-0.0143727623179714,0.00405695925667873,0.0396952177944813,-0.0102074394322825,-0.00123312173056665,0.0520686791546567
"364",1000,0.513245825148979,"aipw","smart","forest",-0.0153964858524343,-0.00180056835574193,0.0160735138323192,-0.00997988768826187,-0.00406613685064663,-0.00399717836636409
"365",1000,0.682180765811004,"t-learner","smart","forest",NA,NA,NA,NA,NA,NA
"366",1000,0.454734727815188,"ipw.cross.fit","smart","forest",NA,NA,NA,NA,NA,NA
"367",1000,0.475793116142328,"semi.oracle.aipw","smart","forest",NA,NA,NA,NA,NA,NA
"368",1000,0.512118534225626,"aipw.w","smart","forest",-0.0156507686545886,-0.00165512091939606,0.0184798109125559,-0.00932060942712343,-0.0029267693857585,-0.00841058581220387
"369",1000,0.465544454698304,"ipw","minimal","forest",NA,NA,NA,NA,NA,NA
"370",1000,0.543960466046518,"aipw","minimal","forest",-0.0364228818574778,-0.00139064089904972,0.00732863038152537,-0.0127507902987775,-0.00363633648780671,0.0108253195468774
"371",1000,0.580858630644506,"t-learner","minimal","forest",NA,NA,NA,NA,NA,NA
"372",1000,0.443733895863889,"ipw.cross.fit","minimal","forest",NA,NA,NA,NA,NA,NA
"373",1000,0.47663284396186,"semi.oracle.aipw","minimal","forest",NA,NA,NA,NA,NA,NA
"374",1000,0.545969045613619,"aipw.w","minimal","forest",-0.0384798745396219,-0.0019587229189047,0.00548647587577625,-0.0123395930871519,-0.00336954160943401,0.0133315452906909
"375",1000,0.601094918385832,"ipw","extended","forest",NA,NA,NA,NA,NA,NA
"376",1000,0.64452690591727,"aipw","extended","forest",-0.0115004780270513,0.00112077732310187,0.0397113153016122,-0.0288814277274777,-0.00141219246357927,0.0463476286354037
"377",1000,0.714497897637086,"t-learner","extended","forest",NA,NA,NA,NA,NA,NA
"378",1000,0.652572470661859,"ipw.cross.fit","extended","forest",NA,NA,NA,NA,NA,NA
"379",1000,0.518086056225725,"semi.oracle.aipw","extended","forest",NA,NA,NA,NA,NA,NA
"380",1000,0.645896196275186,"aipw.w","extended","forest",-0.0113841334571574,0.00152379073220283,0.0383268335369383,-0.0307523746234993,-0.00116121444300498,0.0466928070021905
"381",1000,0.566627029392623,"aipw","smart","forest",-0.0118026568475798,0.00950535948589173,-0.00875920408877958,-0.0297055252540233,-0.0026176871260183,0.00861290765372391
"382",1000,0.714723377758943,"t-learner","smart","forest",NA,NA,NA,NA,NA,NA
"383",1000,0.638105440767418,"ipw.cross.fit","smart","forest",NA,NA,NA,NA,NA,NA
"384",1000,0.525265143726076,"semi.oracle.aipw","smart","forest",NA,NA,NA,NA,NA,NA
"385",1000,0.563939148041512,"aipw.w","smart","forest",-0.0119527537396947,0.00737815673664208,-0.00685841469624206,-0.0297218507573354,-0.00316789685471551,0.00653522699259452
"386",1000,0.547225108859901,"ipw","minimal","forest",NA,NA,NA,NA,NA,NA
"387",1000,0.541816859429751,"aipw","minimal","forest",-0.0239651463752519,0.00872806127752771,-0.0158812535264821,-0.0101716539071274,-0.00249245299025173,-0.00105176697962449
"388",1000,0.603170244486711,"t-learner","minimal","forest",NA,NA,NA,NA,NA,NA
"389",1000,0.619400198102264,"ipw.cross.fit","minimal","forest",NA,NA,NA,NA,NA,NA
"390",1000,0.524613079653479,"semi.oracle.aipw","minimal","forest",NA,NA,NA,NA,NA,NA
"391",1000,0.539454205749227,"aipw.w","minimal","forest",-0.0239477731929592,0.00959009157212664,-0.0208330834684169,-0.00978728450859916,-0.00203580524953003,0.000620473827286403
"392",1000,0.563204456558562,"ipw","extended","forest",NA,NA,NA,NA,NA,NA
"393",1000,0.62465626499697,"aipw","extended","forest",-0.0356437556713807,0.00241252800898488,0.0235616975574485,-0.0242933921254761,0.00216561955050561,0.0472712613477047
"394",1000,0.716289079224782,"t-learner","extended","forest",NA,NA,NA,NA,NA,NA
"395",1000,0.604934523575473,"ipw.cross.fit","extended","forest",NA,NA,NA,NA,NA,NA
"396",1000,0.493886158294961,"semi.oracle.aipw","extended","forest",NA,NA,NA,NA,NA,NA
"397",1000,0.6269689936617,"aipw.w","extended","forest",-0.0366714608260172,0.00222068905884937,0.0242403745294403,-0.0240761814090618,0.00293324789796198,0.0475190292048996
"398",1000,0.521466187132607,"aipw","smart","forest",-0.0369672561356676,0.00347126974084895,-0.0425469314177025,-0.0243620061893057,0.000722236176220886,0.00918233957279601
"399",1000,0.718629303096262,"t-learner","smart","forest",NA,NA,NA,NA,NA,NA
"400",1000,0.645093395135032,"ipw.cross.fit","smart","forest",NA,NA,NA,NA,NA,NA
"401",1000,0.49350151665254,"semi.oracle.aipw","smart","forest",NA,NA,NA,NA,NA,NA
"402",1000,0.527343691989199,"aipw.w","smart","forest",-0.0364964061654742,0.00368346068801139,-0.0348441850235469,-0.0240670235591698,0.00021122022554265,0.00842175563907811
"403",1000,0.416391930472907,"ipw","minimal","forest",NA,NA,NA,NA,NA,NA
"404",1000,0.541747530640073,"aipw","minimal","forest",-0.0404092766226407,0.00409932499874532,-0.0211642728235914,-0.028099994734694,0.000672748415764415,0.000322447956349862
"405",1000,0.602508878918241,"t-learner","minimal","forest",NA,NA,NA,NA,NA,NA
"406",1000,0.646943795300287,"ipw.cross.fit","minimal","forest",NA,NA,NA,NA,NA,NA
"407",1000,0.49408008414998,"semi.oracle.aipw","minimal","forest",NA,NA,NA,NA,NA,NA
"408",1000,0.539825188812777,"aipw.w","minimal","forest",-0.0417199938040667,0.00407422096375648,-0.0225581331771247,-0.028380297043848,0.00179157188742246,-0.00289077244466224
"409",1000,0.574263394931411,"ipw","extended","forest",NA,NA,NA,NA,NA,NA
"410",1000,0.626250464677146,"aipw","extended","forest",-0.0222320397290651,0.00141632240268553,0.0395836575829394,-0.0235455100618313,0.0014213482626346,0.0355911946521259
"411",1000,0.716188688230811,"t-learner","extended","forest",NA,NA,NA,NA,NA,NA
"412",1000,0.576574127060655,"ipw.cross.fit","extended","forest",NA,NA,NA,NA,NA,NA
"413",1000,0.505298062651184,"semi.oracle.aipw","extended","forest",NA,NA,NA,NA,NA,NA
"414",1000,0.627117162599345,"aipw.w","extended","forest",-0.0217831360628798,0.00123650373783591,0.0406911566401283,-0.0238915534825801,0.00128464884208326,0.0357697718479739
"415",1000,0.547353266605706,"aipw","smart","forest",-0.0210154823133759,0.00115451949840534,0.00543869712908111,-0.0228637555002212,-0.0034140323594987,-0.0021655474617426
"416",1000,0.716511011824032,"t-learner","smart","forest",NA,NA,NA,NA,NA,NA
"417",1000,0.475457601342613,"ipw.cross.fit","smart","forest",NA,NA,NA,NA,NA,NA
"418",1000,0.500200879124771,"semi.oracle.aipw","smart","forest",NA,NA,NA,NA,NA,NA
"419",1000,0.550458442208362,"aipw.w","smart","forest",-0.0223741737409891,0.000694885107955839,0.00664494696984786,-0.0234116670922439,-0.00376707750176808,-0.0013605451867713
"420",1000,0.44690507339001,"ipw","minimal","forest",NA,NA,NA,NA,NA,NA
"421",1000,0.513291609302468,"aipw","minimal","forest",0.00061259561111954,0.000641682375917673,0.0102524209955467,-0.0086046960561058,-0.00371788165366705,-0.0043371048461796
"422",1000,0.566495340688775,"t-learner","minimal","forest",NA,NA,NA,NA,NA,NA
"423",1000,0.443007113877693,"ipw.cross.fit","minimal","forest",NA,NA,NA,NA,NA,NA
"424",1000,0.499384192708115,"semi.oracle.aipw","minimal","forest",NA,NA,NA,NA,NA,NA
"425",1000,0.5154383415064,"aipw.w","minimal","forest",0.000556991887334778,0.00117233917011399,0.0103902393946555,-0.00895604199209942,-0.00301491001350055,-0.00396876913549804
"426",1000,0.573588353445071,"ipw","extended","forest",NA,NA,NA,NA,NA,NA
"427",1000,0.632377181781037,"aipw","extended","forest",-0.0143958028257148,0.0022223675833171,0.0506906242596146,-0.0140645276726975,-0.00601988161062339,0.0588424843419715
"428",1000,0.718404518473448,"t-learner","extended","forest",NA,NA,NA,NA,NA,NA
"429",1000,0.572859807127264,"ipw.cross.fit","extended","forest",NA,NA,NA,NA,NA,NA
"430",1000,0.494383742681039,"semi.oracle.aipw","extended","forest",NA,NA,NA,NA,NA,NA
"431",1000,0.634105396128058,"aipw.w","extended","forest",-0.0141870348320656,0.00249438216840813,0.0506157225831833,-0.0135470167196836,-0.00627650157536335,0.0613564846917356
"432",1000,0.553913522167069,"aipw","smart","forest",-0.0145501900905422,-1.42653148295292e-05,0.0267591226053762,-0.0140983104128968,0.00370554712457128,-0.00336663945983283
"433",1000,0.718205742010908,"t-learner","smart","forest",NA,NA,NA,NA,NA,NA
"434",1000,0.43814688223387,"ipw.cross.fit","smart","forest",NA,NA,NA,NA,NA,NA
"435",1000,0.501872538518087,"semi.oracle.aipw","smart","forest",NA,NA,NA,NA,NA,NA
"436",1000,0.556042873056676,"aipw.w","smart","forest",-0.0147147212682749,0.000335560890854615,0.0252831853360608,-0.0136523369981537,0.00180268081236794,0.00207313104261941
"437",1000,0.37691784471769,"ipw","minimal","forest",NA,NA,NA,NA,NA,NA
"438",1000,0.496930580567539,"aipw","minimal","forest",-0.00901904274488721,0.000839366548637436,0.0106266283473167,0.0310319731468955,0.00204365878738027,0.00725260057786779
"439",1000,0.540941516910816,"t-learner","minimal","forest",NA,NA,NA,NA,NA,NA
"440",1000,0.450785611033072,"ipw.cross.fit","minimal","forest",NA,NA,NA,NA,NA,NA
"441",1000,0.501064282044363,"semi.oracle.aipw","minimal","forest",NA,NA,NA,NA,NA,NA
"442",1000,0.494590394624545,"aipw.w","minimal","forest",-0.00911295270410778,0.000537620195881049,0.0103687217632024,0.0307190566876128,0.0034322834792486,0.00367661646137327
"443",1000,0.583558566206599,"ipw","extended","forest",NA,NA,NA,NA,NA,NA
"444",1000,0.622839559184851,"aipw","extended","forest",-0.0127825483144164,-0.000110712186547932,0.031744441097534,-0.0197219777389532,0.00278114147210807,0.0528467043953262
"445",1000,0.70692561387664,"t-learner","extended","forest",NA,NA,NA,NA,NA,NA
"446",1000,0.595209868103827,"ipw.cross.fit","extended","forest",NA,NA,NA,NA,NA,NA
"447",1000,0.505743887638621,"semi.oracle.aipw","extended","forest",NA,NA,NA,NA,NA,NA
"448",1000,0.625434989855075,"aipw.w","extended","forest",-0.0126800366180231,8.34948331764951e-05,0.0322047875775401,-0.021198767007094,0.00296384539036522,0.0532306000758152
"449",1000,0.526529831432145,"aipw","smart","forest",-0.0145247481925493,0.000203803216572084,-0.00226082405227127,-0.0193658253976719,-0.0040134335460675,-0.00436374612937088
"450",1000,0.707502792887516,"t-learner","smart","forest",NA,NA,NA,NA,NA,NA
"451",1000,0.443855641114169,"ipw.cross.fit","smart","forest",NA,NA,NA,NA,NA,NA
"452",1000,0.499263828023566,"semi.oracle.aipw","smart","forest",NA,NA,NA,NA,NA,NA
"453",1000,0.525535536658261,"aipw.w","smart","forest",-0.0144747836322905,7.76450491699045e-05,-0.00190263671477971,-0.0206983495296564,-0.00465364680825365,-0.0062324163828833
"454",1000,0.428535678572468,"ipw","minimal","forest",NA,NA,NA,NA,NA,NA
"455",1000,0.470631612979767,"aipw","minimal","forest",0.00770005558021654,0.000289159901326397,-0.00645205921117324,0.0316599544083067,-0.00487606164466759,0.0179571255697432
"456",1000,0.534719921986238,"t-learner","minimal","forest",NA,NA,NA,NA,NA,NA
"457",1000,0.419229626552483,"ipw.cross.fit","minimal","forest",NA,NA,NA,NA,NA,NA
"458",1000,0.49848655660972,"semi.oracle.aipw","minimal","forest",NA,NA,NA,NA,NA,NA
"459",1000,0.463784978946282,"aipw.w","minimal","forest",0.00723993393136349,-0.000205076622969631,-0.00957873739774979,0.0321140844478968,-0.00329385294002119,0.0131432059332224
"460",1000,0.548931229630772,"ipw","extended","forest",NA,NA,NA,NA,NA,NA
"461",1000,0.633992975235348,"aipw","extended","forest",-0.0378506429774736,-0.00361096892455035,0.0275401112112534,-0.0241225962924717,-0.00345964643683584,0.0407639360418655
"462",1000,0.722988791620136,"t-learner","extended","forest",NA,NA,NA,NA,NA,NA
"463",1000,0.582329497638214,"ipw.cross.fit","extended","forest",NA,NA,NA,NA,NA,NA
"464",1000,0.503715688712284,"semi.oracle.aipw","extended","forest",NA,NA,NA,NA,NA,NA
"465",1000,0.629829863495335,"aipw.w","extended","forest",-0.0369206403542121,-0.0041444771556216,0.0271081465283901,-0.0230757694668329,-0.00373606168458811,0.0398195419124391
"466",1000,0.575426637310944,"aipw","smart","forest",-0.0384917026622931,0.000321811016782937,0.00107905795538831,-0.0241321150602489,-0.000807385260771716,0.00142303180333251
"467",1000,0.721933020848882,"t-learner","smart","forest",NA,NA,NA,NA,NA,NA
"468",1000,0.567195075691009,"ipw.cross.fit","smart","forest",NA,NA,NA,NA,NA,NA
"469",1000,0.510300729829682,"semi.oracle.aipw","smart","forest",NA,NA,NA,NA,NA,NA
"470",1000,0.571631464598742,"aipw.w","smart","forest",-0.0385550686482851,0.000184859368088752,0.000122512376909623,-0.0223491264849904,-0.00040970943098597,4.33030777834657e-05
"471",1000,0.460368837882745,"ipw","minimal","forest",NA,NA,NA,NA,NA,NA
"472",1000,0.549415565874377,"aipw","minimal","forest",-0.0165889495534572,0.00091415987225681,0.00686005209400309,-0.0135627284539692,-0.000619303396680372,0.00132267522370081
"473",1000,0.5819696634678,"t-learner","minimal","forest",NA,NA,NA,NA,NA,NA
"474",1000,0.567778277392635,"ipw.cross.fit","minimal","forest",NA,NA,NA,NA,NA,NA
"475",1000,0.511081160549247,"semi.oracle.aipw","minimal","forest",NA,NA,NA,NA,NA,NA
"476",1000,0.538931558067598,"aipw.w","minimal","forest",-0.0156345844793506,-0.000789649966806432,0.0040301768232966,-0.012202276394938,-0.000784831399878547,-0.00214730233697288
"477",1000,0.597678257126885,"ipw","extended","forest",NA,NA,NA,NA,NA,NA
"478",1000,0.614122348728669,"aipw","extended","forest",-0.00823754113954482,0.00277292070989738,0.0463887352172358,-0.0126532553299302,0.000964457035678201,0.0599203698066651
"479",1000,0.687626246519343,"t-learner","extended","forest",NA,NA,NA,NA,NA,NA
"480",1000,0.596402861994173,"ipw.cross.fit","extended","forest",NA,NA,NA,NA,NA,NA
"481",1000,0.486922447235293,"semi.oracle.aipw","extended","forest",NA,NA,NA,NA,NA,NA
"482",1000,0.614667188823855,"aipw.w","extended","forest",-0.00962551710542377,0.00283745420261003,0.0459447577197083,-0.0125623540000575,0.00108894243462692,0.0594230938717108
"483",1000,0.535089527996135,"aipw","smart","forest",-0.00877352710797406,0.00329069127071108,0.0172837010629514,-0.0121495585993434,0.00145846961126608,0.00894851085417136
"484",1000,0.688382930498456,"t-learner","smart","forest",NA,NA,NA,NA,NA,NA
"485",1000,0.431237241519462,"ipw.cross.fit","smart","forest",NA,NA,NA,NA,NA,NA
"486",1000,0.487934230371695,"semi.oracle.aipw","smart","forest",NA,NA,NA,NA,NA,NA
"487",1000,0.527048430269574,"aipw.w","smart","forest",-0.00722165515339364,0.00210233646426717,0.0158546567215377,-0.01150961065028,0.00173593602556465,0.0054391657648132
"488",1000,0.403889351665648,"ipw","minimal","forest",NA,NA,NA,NA,NA,NA
"489",1000,0.45367847672552,"aipw","minimal","forest",0.0138134540397175,0.00268110966813028,0.0087613839405285,0.0365742413899207,0.00181083060182911,0.007627778454953
"490",1000,0.496012707402571,"t-learner","minimal","forest",NA,NA,NA,NA,NA,NA
"491",1000,0.40813640069277,"ipw.cross.fit","minimal","forest",NA,NA,NA,NA,NA,NA
"492",1000,0.487677009759677,"semi.oracle.aipw","minimal","forest",NA,NA,NA,NA,NA,NA
"493",1000,0.453218769757352,"aipw.w","minimal","forest",0.0127051981214194,0.00268938118387899,0.00787662159449939,0.0367935491970601,0.00230113582565851,0.0066653089820769
"494",1000,0.513165037537183,"ipw","extended","forest",NA,NA,NA,NA,NA,NA
"495",1000,0.60096402427654,"aipw","extended","forest",-0.0229111173420301,-0.00174832010092286,0.0301521616702292,0.012439349411588,0.00493426000239308,0.0643738245513272
"496",1000,0.695974075735079,"t-learner","extended","forest",NA,NA,NA,NA,NA,NA
"497",1000,0.531817409268775,"ipw.cross.fit","extended","forest",NA,NA,NA,NA,NA,NA
"498",1000,0.495966270124541,"semi.oracle.aipw","extended","forest",NA,NA,NA,NA,NA,NA
"499",1000,0.600489405676441,"aipw.w","extended","forest",-0.0247239473747039,-0.00140534288844767,0.0285906232629989,0.0130900122961878,0.00491590824317907,0.0639739517571239
"500",1000,0.530616997306442,"aipw","smart","forest",-0.0246289287772802,0.00283322752949059,-0.00331628827212725,0.0123191957390591,0.00429117535852319,0.0217188194292628
"501",1000,0.696202569309248,"t-learner","smart","forest",NA,NA,NA,NA,NA,NA
"502",1000,0.432788703593996,"ipw.cross.fit","smart","forest",NA,NA,NA,NA,NA,NA
"503",1000,0.499904733111085,"semi.oracle.aipw","smart","forest",NA,NA,NA,NA,NA,NA
"504",1000,0.534015837200802,"aipw.w","smart","forest",-0.0245392246061968,0.00197798857460769,0.000638633578408388,0.0129539705869503,0.00511275399402099,0.0219208768114475
"505",1000,0.435117276454028,"ipw","minimal","forest",NA,NA,NA,NA,NA,NA
"506",1000,0.479100232307107,"aipw","minimal","forest",0.00155634646729132,0.00154257394816666,1.67803306707346e-05,0.0274168436253539,0.00502687499317169,0.00870686290467175
"507",1000,0.527341859740409,"t-learner","minimal","forest",NA,NA,NA,NA,NA,NA
"508",1000,0.458947727941103,"ipw.cross.fit","minimal","forest",NA,NA,NA,NA,NA,NA
"509",1000,0.499349779164409,"semi.oracle.aipw","minimal","forest",NA,NA,NA,NA,NA,NA
"510",1000,0.477577848989403,"aipw.w","minimal","forest",0.00227654768033747,0.00234701593422253,-0.0010989463335331,0.0283350886171023,0.00459455231149749,0.00956653315158524
